{
	"classes": [	
		{"type_name": "太极拳","type_id": "太极拳"},
		{"type_name": "五子棋","type_id": "少儿五子棋"},
		{"type_name": "象棋","type_id": "少儿象棋"},
		{"type_name": "围棋","type_id": "少儿围棋"},
		{"type_name": "跳绳","type_id": "少儿跳绳"},
		{"type_name": "少儿绘画","type_id": "少儿绘画"},
		{"type_name": "乒乓球","type_id": "少儿乒乓球"},
		{"type_name": "羽毛球","type_id": "少儿羽毛球"},
		{"type_name": "篮球","type_id": "少儿篮球"},
		{"type_name": "溜冰","type_id": "少儿溜冰"},
		{"type_name": "游泳","type_id":"少儿游泳"},
		{"type_name": "广场舞","type_id": "广场舞"},
	    {"type_name": "帕梅拉","type_id": "帕梅拉"},
	    {"type_name": "舞蹈","type_id": "舞蹈"
    },
        {"type_name": "健身","type_id": "健身"
    }],

	"filter":{
		"少儿游泳":[
			{"key":"tid","name":"分类","value":[
				{"n":"全部","v":"少儿游泳"},
				{"n":"儿童游泳","v":"儿童游泳"},
				{"n":"游泳教学","v":"游泳教学"},
				{"n":"蛙泳","v":"蛙泳"},
				{"n":"自由泳","v":"自由泳"}]},
			{"key":"duration","name":"时长","value":[
				{"n":"全部","v":"0"},
				{"n":"60分钟以上","v":"4"},
				{"n":"30~60分钟","v":"3"},
				{"n":"10~30分钟","v":"2"},
				{"n":"10分钟以下","v":"1"}]}],
		"太极拳":[{"key":"order","name":"排序","value":[
				{"n":"综合排序","v":"0"},
				{"n":"最多点击","v":"click"},
				{"n":"最新发布","v":"pubdate"},
				{"n":"最多弹幕","v":"dm"},
				{"n":"最多收藏","v":"stow"}]},
			{"key":"tid","name":"分类","value":[
				{"n":"全部","v":"太极拳"},
				{"n":"邱慧芳","v":"太极拳邱慧芳"},
				{"n":"陈氏","v":"太极拳陈氏"},
				{"n":"武当","v":"太极拳武当"},
				{"n":"二十四式","v":"太极拳二十四式"},
				{"n":"三十六式","v":"太极拳三十六式"},
				{"n":"五禽戏","v":"五禽戏"},
				{"n":"八段锦","v":"八段锦"}]},
			{"key":"duration","name":"时长","value":[
				{"n":"全部","v":"0"},
				{"n":"60分钟以上","v":"4"},
				{"n":"30~60分钟","v":"3"},
				{"n":"10~30分钟","v":"2"},
				{"n":"10分钟以下","v":"1"}]}],
		"广场舞":[{"key":"order","name":"排序","value":[
				{"n":"综合排序","v":"0"},
				{"n":"最多点击","v":"click"},
				{"n":"最新发布","v":"pubdate"},
				{"n":"最多弹幕","v":"dm"},
				{"n":"最多收藏","v":"stow"}]},
			{"key":"duration","name":"时长","value":[
				{"n":"全部","v":"0"},
				{"n":"60分钟以上","v":"4"},
				{"n":"30~60分钟","v":"3"},
				{"n":"10~30分钟","v":"2"},
				{"n":"10分钟以下","v":"1"}]}],
		"少儿象棋":[
			{"key":"tid","name":"分类","value":[
				{"n":"全部","v":"少儿象棋"},
				{"n":"象棋入门","v":"象棋入门"},
				{"n":"象棋启蒙","v":"象棋启蒙"},
				{"n":"象棋教学","v":"象棋教学"},
				{"n":"象棋基础","v":"象棋基础"}]},
			{"key":"duration","name":"时长","value":[
				{"n":"全部","v":"0"},
				{"n":"60分钟以上","v":"4"},
				{"n":"30~60分钟","v":"3"},
				{"n":"10~30分钟","v":"2"},
				{"n":"10分钟以下","v":"1"}]}],
		"少儿五子棋":[
			{"key":"tid","name":"分类","value":[
				{"n":"全部","v":"少儿五子棋"},
				{"n":"五子棋入门","v":"五子棋入门"},
				{"n":"五子棋启蒙","v":"五子棋启蒙"},
				{"n":"五子棋教学","v":"五子棋教学"},
				{"n":"五子棋基础","v":"五子棋基础"}]},
			{"key":"duration","name":"时长","value":[
				{"n":"全部","v":"0"},
				{"n":"60分钟以上","v":"4"},
				{"n":"30~60分钟","v":"3"},
				{"n":"10~30分钟","v":"2"},
				{"n":"10分钟以下","v":"1"}]}],
		"少儿围棋":[
			{"key":"tid","name":"分类","value":[
				{"n":"全部","v":"少儿围棋"},
				{"n":"围棋入门","v":"围棋入门"},
				{"n":"围棋启蒙","v":"围棋启蒙"},
				{"n":"围棋教学","v":"围棋教学"},
				{"n":"围棋基础","v":"围棋基础"}]},
			{"key":"duration","name":"时长","value":[
				{"n":"全部","v":"0"},
				{"n":"60分钟以上","v":"4"},
				{"n":"30~60分钟","v":"3"},
				{"n":"10~30分钟","v":"2"},
				{"n":"10分钟以下","v":"1"}]}],
		"少儿跳绳":[
			{"key":"tid","name":"分类","value":[
				{"n":"全部","v":"少儿跳绳"},
				{"n":"跳绳入门","v":"跳绳入门"},
				{"n":"跳绳启蒙","v":"跳绳启蒙"},
				{"n":"跳绳教学","v":"跳绳教学"},
				{"n":"跳绳基础","v":"跳绳基础"},
				{"n":"跳绳学习","v":"跳绳学习"},
				{"n":"儿童跳绳","v":"儿童跳绳"},
				{"n":"小学跳绳","v":"小学跳绳"}]},
			{"key":"duration","name":"时长","value":[
				{"n":"全部","v":"0"},
				{"n":"60分钟以上","v":"4"},
				{"n":"30~60分钟","v":"3"},
				{"n":"10~30分钟","v":"2"},
				{"n":"10分钟以下","v":"1"}]}],
		"少儿绘画":[
			{"key":"tid","name":"分类","value":[
				{"n":"全部","v":"少儿绘画"},
				{"n":"绘画入门","v":"绘画入门"},
				{"n":"绘画启蒙","v":"绘画启蒙"},
				{"n":"绘画教学","v":"绘画教学"},
				{"n":"绘画基础","v":"绘画基础"},
				{"n":"绘画学习","v":"绘画学习"},
				{"n":"儿童绘画","v":"儿童绘画"},
				{"n":"美术入门","v":"美术入门"},
				{"n":"美术启蒙","v":"美术启蒙"},
				{"n":"美术教学","v":"美术教学"},
				{"n":"美术基础","v":"美术基础"},
				{"n":"美术学习","v":"美术学习"},
				{"n":"儿童美术","v":"儿童美术"},
				{"n":"小学绘画","v":"小学绘画"}]},
			{"key":"duration","name":"时长","value":[
				{"n":"全部","v":"0"},
				{"n":"60分钟以上","v":"4"},
				{"n":"30~60分钟","v":"3"},
				{"n":"10~30分钟","v":"2"},
				{"n":"10分钟以下","v":"1"}]}],
		"少儿乒乓球":[
			{"key":"tid","name":"分类","value":[
				{"n":"全部","v":"少儿乒乓球"},
				{"n":"乒乓球入门","v":"乒乓球入门"},
				{"n":"乒乓球启蒙","v":"乒乓球启蒙"},
				{"n":"乒乓球教学","v":"乒乓球教学"},
				{"n":"乒乓球基础","v":"乒乓球基础"},
				{"n":"乒乓球学习","v":"乒乓球学习"},
				{"n":"儿童乒乓球","v":"儿童乒乓球"},
				{"n":"小学乒乓球","v":"小学乒乓球"}]},
			{"key":"duration","name":"时长","value":[
				{"n":"全部","v":"0"},
				{"n":"60分钟以上","v":"4"},
				{"n":"30~60分钟","v":"3"},
				{"n":"10~30分钟","v":"2"},
				{"n":"10分钟以下","v":"1"}]}],
		"少儿羽毛球":[
			{"key":"tid","name":"分类","value":[
				{"n":"全部","v":"少儿羽毛球"},
				{"n":"羽毛球入门","v":"羽毛球入门"},
				{"n":"羽毛球启蒙","v":"羽毛球启蒙"},
				{"n":"羽毛球教学","v":"羽毛球教学"},
				{"n":"羽毛球基础","v":"羽毛球基础"},
				{"n":"羽毛球学习","v":"羽毛球学习"},
				{"n":"儿童羽毛球","v":"儿童羽毛球"},
				{"n":"小学羽毛球","v":"小学羽毛球"}]},
			{"key":"duration","name":"时长","value":[
				{"n":"全部","v":"0"},
				{"n":"60分钟以上","v":"4"},
				{"n":"30~60分钟","v":"3"},
				{"n":"10~30分钟","v":"2"},
				{"n":"10分钟以下","v":"1"}]}],
		"少儿足球":[
			{"key":"tid","name":"分类","value":[
				{"n":"全部","v":"少儿足球"},
				{"n":"足球入门","v":"足球入门"},
				{"n":"足球启蒙","v":"足球启蒙"},
				{"n":"足球教学","v":"足球教学"},
				{"n":"足球基础","v":"足球基础"},
				{"n":"足球学习","v":"足球学习"},
				{"n":"儿童足球","v":"儿童足球"},
				{"n":"小学足球","v":"小学足球"}]},
			{"key":"duration","name":"时长","value":[
				{"n":"全部","v":"0"},
				{"n":"60分钟以上","v":"4"},
				{"n":"30~60分钟","v":"3"},
				{"n":"10~30分钟","v":"2"},
				{"n":"10分钟以下","v":"1"}]}],
		"少儿篮球":[
			{"key":"tid","name":"分类","value":[
				{"n":"全部","v":"少儿篮球"},
				{"n":"篮球入门","v":"篮球入门"},
				{"n":"篮球启蒙","v":"篮球启蒙"},
				{"n":"篮球教学","v":"篮球教学"},
				{"n":"篮球基础","v":"篮球基础"},
				{"n":"篮球学习","v":"篮球学习"},
				{"n":"儿童篮球","v":"儿童篮球"},
				{"n":"小学篮球","v":"小学篮球"}]},
			{"key":"duration","name":"时长","value":[
				{"n":"全部","v":"0"},
				{"n":"60分钟以上","v":"4"},
				{"n":"30~60分钟","v":"3"},
				{"n":"10~30分钟","v":"2"},
				{"n":"10分钟以下","v":"1"}]}],
		"少儿溜冰":[
			{"key":"tid","name":"分类","value":[
				{"n":"全部","v":"少儿溜冰"},
				{"n":"溜冰入门","v":"溜冰入门"},
				{"n":"溜冰启蒙","v":"溜冰启蒙"},
				{"n":"溜冰教学","v":"溜冰教学"},
				{"n":"溜冰基础","v":"溜冰基础"},
				{"n":"溜冰学习","v":"溜冰学习"},
				{"n":"儿童溜冰","v":"儿童溜冰"},
				{"n":"小学溜冰","v":"小学溜冰"}]},
			{"key":"duration","name":"时长","value":[
				{"n":"全部","v":"0"},
				{"n":"60分钟以上","v":"4"},
				{"n":"30~60分钟","v":"3"},
				{"n":"10~30分钟","v":"2"},
				{"n":"10分钟以下","v":"1"}]}]
	}
}
