{
	"classes":[
		{"type_name":"拼音启蒙","type_id":"幼儿拼音全套学习课程"},
		{"type_name":"识字启蒙","type_id":"识字启蒙"},
		{"type_name":"英语启蒙","type_id":"英语启蒙"},
		{"type_name":"英语音标","type_id":"幼儿音标教学"},
		{"type_name":"少儿书法","type_id":"写字启蒙教程"},
		{"type_name":"少儿口才","type_id":"少儿口才第一课"},
		{"type_name":"数学启蒙","type_id":"数学启蒙"},
		{"type_name":"思维课程","type_id":"少儿思维"},
		{"type_name":"看图说话","type_id":"看图说话"}
		],

	"filter":{
		"识字启蒙":[
			{"key":"tid","name":"分类","value":[
				{"n":"全部","v":"识字启蒙"},
				{"n":"幼儿识字","v":"幼儿识字"},
				{"n":"识字动画","v":"识字动画"},
				{"n":"悟空识字","v":"悟空识字"},
				{"n":"认字动画","v":"认字动画"},
				{"n":"汉字学习","v":"汉字学习"},
				{"n":"小灯塔神奇的汉字","v":"小灯塔神奇的汉字"},
				{"n":"汉字的演变","v":"汉字的演变"},
				{"n":"汉字宫","v":"汉字宫"}]},
			{"key":"order","name":"排序","value":[
				{"n":"综合排序","v":"0"},
				{"n":"最多点击","v":"click"},
				{"n":"最新发布","v":"pubdate"},
				{"n":"最多弹幕","v":"dm"},
				{"n":"最多收藏","v":"stow"}]},
			{"key":"duration","name":"时长","value":[
				{"n":"全部","v":"0"},
				{"n":"60分钟以上","v":"4"},
				{"n":"30~60分钟","v":"3"},
				{"n":"10~30分钟","v":"2"},
				{"n":"10分钟以下","v":"1"}]}],
		"幼儿拼音全套学习课程":[
			{"key":"tid","name":"分类","value":[
				{"n":"兔小贝拼音20集","v":"兔小贝拼音20集"},
				{"n":"拼音启蒙动画课","v":"拼音启蒙动画课"},
				{"n":"幼儿拼音全套学习课程","v":"幼儿拼音全套学习课程"},
				{"n":"跟我学拼音","v":"跟我学拼音"},
				{"n":"幼小衔接学拼音必修课","v":"幼小衔接学拼音必修课"},
				{"n":"二十二天搞定拼音","v":"二十二天搞定拼音"},
				{"n":"【小学】芳妈教你学拼音","v":"【小学】芳妈教你学拼音"},
				{"n":"拼音启蒙动画上下册23集","v":"拼音启蒙动画上下册23集"},
				{"n":"【拼音歌合集】练宝宝学习拼音","v":"【拼音歌合集】练宝宝学习拼音"}
				]},
			{"key":"order","name":"排序","value":[
				{"n":"综合排序","v":"0"},
				{"n":"最多点击","v":"click"},
				{"n":"最新发布","v":"pubdate"},
				{"n":"最多弹幕","v":"dm"},
				{"n":"最多收藏","v":"stow"}]},
			{"key":"duration","name":"时长","value":[
				{"n":"全部","v":"0"},
				{"n":"60分钟以上","v":"4"},
				{"n":"30~60分钟","v":"3"},
				{"n":"10~30分钟","v":"2"},
				{"n":"10分钟以下","v":"1"}]}],
		"数学启蒙":[
			{"key":"tid","name":"分类","value":[
				{"n":"全部","v":"数学启蒙"},
				{"n":"凑十法","v":"凑十法"},
				{"n":"STEAM数学思维启蒙","v":"STEAM数学思维启蒙"},
				{"n":"宝宝巴士数学小课堂","v":"宝宝巴士数学小课堂"},
				{"n":"幼儿数学","v":"幼儿数学"},
				{"n":"数学幼小衔接训练营","v":"数学幼小衔接训练营"},
				{"n":"学而思摩比爱数学","v":"学而思摩比爱数学"}]},
			{"key":"duration","name":"时长","value":[
				{"n":"全部","v":"0"},
				{"n":"60分钟以上","v":"4"},
				{"n":"30~60分钟","v":"3"},
				{"n":"10~30分钟","v":"2"},
				{"n":"10分钟以下","v":"1"}]}],
		"英语启蒙":[
			{"key":"tid","name":"分类","value":[
				{"n":"全部","v":"英语启蒙"},
				{"n":"幼儿英语","v":"幼儿英语"},
				{"n":"牛津阅读","v":"牛津阅读1-6级"},
				{"n":"洪恩幼儿英语","v":"洪恩幼儿英语"},
				{"n":"儿童英语","v":"儿童英语"},
				{"n":"英语动画","v":"英语动画"},
				{"n":"英文动画","v":"英文动画"},
				{"n":"幼儿园英语","v":"幼儿园英语"}]},
			{"key":"duration","name":"时长","value":[
				{"n":"全部","v":"0"},
				{"n":"60分钟以上","v":"4"},
				{"n":"30~60分钟","v":"3"},
				{"n":"10~30分钟","v":"2"},
				{"n":"10分钟以下","v":"1"}]}],
		"少儿思维":[
			{"key":"tid","name":"分类","value":[
				{"n":"全部","v":"少儿思维"},
				{"n":"幼小衔接数学思维课","v":"幼小衔接数学思维课"},
				{"n":"数学思维","v":"数学思维启蒙"},
				{"n":"摩比爱数学","v":"摩比爱数学"},
				{"n":"数理思维","v":"数理思维"},
				{"n":"火花思维","v":"火花思维"},
				{"n":"幼儿思维","v":"幼儿思维训练"},
				{"n":"数学思维培养","v":"数学思维培养"},
				{"n":"儿童思维","v":"儿童思维训练"},
				{"n":"幼儿思维推理训练","v":"幼儿思维推理训练"}]},
			{"key":"order","name":"排序","value":[
				{"n":"综合排序","v":"0"},
				{"n":"最多点击","v":"click"},
				{"n":"最新发布","v":"pubdate"},
				{"n":"最多弹幕","v":"dm"},
				{"n":"最多收藏","v":"stow"}]},
			{"key":"duration","name":"时长","value":[
				{"n":"全部","v":"0"},
				{"n":"60分钟以上","v":"4"},
				{"n":"30~60分钟","v":"3"},
				{"n":"10~30分钟","v":"2"},
				{"n":"10分钟以下","v":"1"}]}],
		"少儿口才第一课":[
			{"key":"tid","name":"分类","value":[
				{"n":"少儿口才第一课：自我介绍","v":"少儿口才第一课：自我介绍"},
				{"n":"少儿口才主持人第二课：站姿训练","v":"少儿口才主持人第二课：站姿训练"},
				{"n":"少儿口才第三课：坐姿训练","v":"少儿口才第三课：坐姿训练"},
				{"n":"少儿口才演讲第四课：眼神训练","v":"少儿口才演讲第四课：眼神训练"},
				{"n":"少儿口才第五课：咋给娃们讲口部操","v":"少儿口才第五课：咋给娃们讲口部操"},
				{"n":"01_01：少儿口才天天练_01","v":"01_01：少儿口才天天练_01"},
				{"n":"01_02：少儿口才","v":"01_02：少儿口才"},
				{"n":"01_03：少儿口才","v":"01_03：少儿口才"},
				{"n":"01_04：少儿口才","v":"01_04：少儿口才"},
				{"n":"【少儿口才训练系列】","v":"【少儿口才训练系列】"}
				]},
			{"key":"order","name":"排序","value":[
				{"n":"综合排序","v":"0"},
				{"n":"最多点击","v":"click"},
				{"n":"最新发布","v":"pubdate"},
				{"n":"最多弹幕","v":"dm"},
				{"n":"最多收藏","v":"stow"}]},
			{"key":"duration","name":"时长","value":[
				{"n":"全部","v":"0"},
				{"n":"60分钟以上","v":"1"},
				{"n":"30~60分钟","v":"2"},
				{"n":"10~30分钟","v":"3"},
				{"n":"10分钟以下","v":"4"}]}],
		"看图说话":[
			{"key":"tid","name":"分类","value":[
				{"n":"全部","v":"看图说话"},
				{"n":"看图写话","v":"看图写话"},
				{"n":"儿童表达力","v":"儿童表达力"}]},
			{"key":"duration","name":"时长","value":[
				{"n":"全部","v":"0"},
				{"n":"60分钟以上","v":"4"},
				{"n":"30~60分钟","v":"3"},
				{"n":"10~30分钟","v":"2"},
				{"n":"10分钟以下","v":"1"}]}],
		"写字启蒙教程":[
			{"key":"tid","name":"分类","value":[
				{"n":"写字启蒙教程","v":"写字启蒙教程"},
				{"n":"叫叫硬笔书法","v":"叫叫硬笔书法"},
				{"n":"硬笔书法123节超好用","v":"硬笔书法123节超好用"},
				{"n":"王洪涛高效练字课","v":"王洪涛高效练字课"},
				{"n":"书法全套课【168集全】","v":"书法全套课【168集全】"},
				{"n":"1000+集全【汉字基本笔画部首入门】","v":"1000+集全【汉字基本笔画部首入门"}
				]},
			{"key":"order","name":"排序","value":[
				{"n":"综合排序","v":"0"},
				{"n":"最多点击","v":"click"},
				{"n":"最新发布","v":"pubdate"},
				{"n":"最多弹幕","v":"dm"},
				{"n":"最多收藏","v":"stow"}]},
			{"key":"duration","name":"时长","value":[
				{"n":"全部","v":"0"},
				{"n":"60分钟以上","v":"4"},
				{"n":"30~60分钟","v":"3"},
				{"n":"10~30分钟","v":"2"},
				{"n":"10分钟以下","v":"1"}]}]
	}
}
