{
				"头部集合": "User-Agent$Mozilla/5.0 (Windows NT 10.0; Win64; x64) AppleWebKit/537.36 (KHTML, like Gecko) Chrome/92.0.4515.107 Safari/537.36#Referer$https://www.348z.pro/",
				"站名": "348电影网",
				"主页url": "https://www.348z.com",
				"免嗅": "1",
				"嗅探词": ".m3u8#cn-beijing-data.aliyundrive.net#.mp4#alicloudccp.com",
				"导演": "导演：</span>&&</p",
				"主演": "主演：</span>&&</p",
				"副标题": "class=\"pack-prb hidden\">&&</span>",
				"简介": "小盒酷玩提醒您：请勿相信影片中的广告，以免上当受骗！+简介：</span>&&</p>",
				"数组": "class=\"aplus-exp ecimgbor&&</a>",
				"图片": "data-original=\"&&\"",
				"标题": "title=\"&&\"",
				"线路名二次截取": "<div class=\"cf swiper-wrapper\">&& <div id=\"tagContent",
				"线路数组": "<a class=\"channelname swiper-slide&&/a>",
				"线路标题": "&nbsp;&&<",
				"播放请求头": "User-Agent$Mozilla/5.0 (Windows NT 10.0; Win64; x64) AppleWebKit/537.36 (KHTML, like Gecko) Chrome/92.0.4515.107 Safari/537.36#Referer$https://www.348z.pro/",
				"播放数组": "class=\"content_playlist&&</ul>",
				"搜索url": "https://www.348z.com/vodsearch.html?wd={wd}",
				"搜索模式": "1",
				"搜索二次截取": "class=\"ec-search&&</ul",
				"搜索数组": "<a&&class=\"right cor3",
				"搜索图片": "data-original=\"&&\"",
				"搜索标题": "小盒酷玩-+title=\"&&\"",
				"搜索副标题": "class=\"pack-prb\"&&</span",
				"搜索链接": "href=\"&&\"",
				"搜索链接前缀": "https://www.348z.com",
				"分类": "电影$1#电视剧$2#综艺$3#动漫$4",
				"分类url": "https://www.348z.com/vodshow/{area}/{class}/id/{cateId}/page/{catePg}/{year}.html;;m"
			}
