 {
    
    "站名":"55影视",
    
    "主页url":"https://www.55kan.com/",
    
    "简介":"【小盒酷玩】提醒您：请勿相信影片中的广告，以免上当受骗！【qq交流群：817925554】+<p class=\"col-pd\"&&</p>",
    
    "线路数组":"<h3 class=\"title\">&&/h3>",
    
    "线路标题":"小盒酷玩👓+>&&<",
    
    "分类url":"https://www.55kan.com/show/{cateId}-{area}-{by}------{catePg}---{year}.html;;ak",
    
    "分类":"电影$1#电视剧$2#综艺$3#动漫$4"}
