{
    "title": "6v",
    "Headers": "PC_UA",
    "Coding_format": "UTF-8",
    "PicNeedProxy": "0",
    "homeContent":"1",
    "firstpage": "1",
    "class_url": "https://www.66s6.net/{cateId}/index_{catePg}.html[firstPage=https://www.66s6.net/{cateId}/index.html]",
    "class_name": "国剧&日韩剧&欧美剧&喜剧片&动作片&爱情片&科幻片&恐怖片&剧情片&战争片&纪录片&动画片&综艺",
    "class_value": "dianshiju/guoju&dianshiju/rihanju&dianshiju/oumeiju&xijupian&dongzuopian&aiqingpian&kehuanpian&kongbupian&juqingpian&zhanzhengpian&jilupian&donghuapian&ZongYi",
    "filterdata": {},
    "cat_mode": "1",
    "catjson_twice": "",
    "cat_arr_rule": "body&&.post_hover",
    "cat_is_jsoup": "1",
    "cat_title": "a&&title",
    "cat_url": "a&&href",
    "cat_pic": "img&&src",
    "cat_subtitle": ".pic-text&&Text",
    "cat_prefix": "https://www.66s6.net",
    "cat_suffix": "",
    "SHeaders": "User-Agent$PC_UA",
    "search_url": "https://www.66s6.net/e/search/index.php;post",
    "sea_PtBody": "show=title&tempid=1&tbname=article&mid=1&dopost=search&submit=&keyboard={wd}",
    "search_mode": "1",
    "sea_arr_rule": "body&&.post_hover",
    "sea_is_jsoup": "1",
    "sea_pic": "img&&src",
    "sea_title": "font&&Text",
    "sea_url": "a&&href",
    "sea_subtitle": "",
    "search_prefix": "https://www.66s6.net",
    "search_suffix": "",
    "force_play": "0",
    "play_prefix": "https://live.52sf.ga/huya/",
    "play_suffix": "#isVideo=true#",
    "play_header": "authority$ku.peizq.online#Referer$https://play.peizq.online",
    "proj_is_jsoup": "0",
    "proj_cate": "◎类　　别　&&◎语　　言",
    "proj_year": "◎年　　代　&&◎产　　地",
    "proj_area": "◎年　　代　&&◎类　　别",
    "proj_actor": "◎演　　员　&&</p>",
    "proj_plot": "◎简　　介&&</p>",
    "list_arr_rule": "body&&[href*=magnet]",
    "epi_arr_rule": "a",
    "epi_is_jsoup": "1",
    "epi_title": "a&&Text",
    "epi_url": "a&&href",
    "epi_reverse": "0",
    "epiurl_prefix": "",
    "epiurl_suffix": "",
    "Anal_MacPlayer": "0",
    "ManualSniffer": "0",
    "VideoFormat": ".mp4#.m3u8#.flv",
    "VideoFilter": ".html#=http"
}