{
    "规则名": "乐猪TV",
    "请求头参数": "手机",
    "网页编码格式": "UTF-8",
    "图片是否需要代理": "0",
    "是否开启获取首页数据": "1",
    "首页推荐链接": "http://www.lezhutv.com",
    "首页列表数组规则": "body&&.tbox_m2",
    "首页片单列表数组规则": "li",
    "首页片单是否Jsoup写法": "1",
    "分类起始页码": "1",
    "分类链接": "http://www.lezhutv.com/list/{cateId}_{catePg}__{by}_____.html",
    "分类名称": "电影&电视剧&综艺&动漫&韩剧&美剧",
    "分类名称替换词": "1&2&3&4&14&15",
    "筛选数据": "ext",
    "筛选排序名称": "默认&按时间&按人气&按评分",
    "筛选排序替换词": "&time&hits&score",
    "分类截取模式": "1",
    "分类列表数组规则": ".tbox_m2&&li",
    "分类片单是否Jsoup写法": "1",
    "分类片单标题": "h4&&a&&Text",
    "分类片单链接": "h4&&a&&href",
    "分类片单图片": ".item-lazy&&data-original",
    "分类片单副标题": "span&&Text",
    "分类片单链接加前缀": "http://www.lezhutv.com",
    "分类片单链接加后缀": "",
    "搜索请求头参数": "User-Agent$手机#Referer$http://www.lezhutv.com/",
    "搜索链接": "http://www.lezhutv.com/index.php?m=vod-search;post",
    "POST请求数据": "wd={wd}&search=",
    "搜索截取模式": "1",
    "搜索列表数组规则": ".tbox_m&&li",
    "搜索片单是否Jsoup写法": "1",
    "搜索片单图片": ".item-lazy&&data-original",
    "搜索片单标题": "h4&&a&&Text",
    "搜索片单链接": "a&&href",
    "搜索片单副标题": "span&&Text",
    "搜索片单链接加前缀": "http://www.lezhutv.com",
    "搜索片单链接加后缀": "",
    "链接是否直接播放": "0",
    "直接播放链接加前缀": "https://live.52sf.ga/huya/",
    "直接播放链接加后缀": "#isVideo=true#",
    "直接播放直链视频请求头": "authority$ku.peizq.online#Referer$https://play.peizq.online",
    "详情是否Jsoup写法": "0",
    "类型详情": "",
    "年代详情": "",
    "地区详情": "",
    "演员详情": "主演：</span>&&</p>",
    "简介详情": "【小盒酷玩】提醒您：请勿相信影片中的广告，以免上当受骗！【qq交流群：817925554】+tbox_js\">&&</div>",
    "线路列表数组规则": "body&&.tabs",
    "线路标题": "小盒酷玩🐷+h3&&Text",
    "播放列表数组规则": "body&&.tabs",
    "选集列表数组规则": "ul&&li",
    "选集标题链接是否Jsoup写法": "1",
    "选集标题": "a&&Text",
    "选集链接": "a&&href",
    "是否反转选集序列": "1",
    "选集链接加前缀": "http://www.lezhutv.com",
    "选集链接加后缀": "",
    "分析MacPlayer": "0",
    "是否开启手动嗅探": "0",
    "手动嗅探视频链接关键词": ".mp4#.m3u8#.flv",
    "手动嗅探视频链接过滤词": ".html#=http"
}
