{
    
    "站名":"午夜影视影视",
    
    "主页url":"http://www.wuyevod.com/",
    
    "简介":"【小盒酷玩】提醒您：请勿相信影片中的广告，以免上当受骗！【qq交流群：817925554】+<div class=\"text text-row text-row-2\"&&</div>",
    
    "影片状态":"状态：&&</span>",
    
    "影片类型":"分类：&&</span>",
    
    "数组":"pic\">&&</li>",
    
    "副标题":"item-status text-overflow\">&&</p>",
    
    "搜索url":"/vodsearch/-------------.html?wd={wd}",
    
    "搜索数组":"pic\">&&</ul>",
    
    "搜索副标题":"text-overflow\">&&</p>",
    
    "线路数组":"role=\"group\"&&</em>",
    
    "线路标题":"小盒酷玩🌚+>午夜线路<",
    
    "分类url":"http://www.wuyevod.com/vodshow/{cateId}-{area}-{by}-{class}-{lang}----{catePg}---{year}.html;;ak",
    
    "分类":"电影$vod#电视剧$tv#综艺$zongyi#动漫$dongman"}
