{
    
    "站名":"小苹果影视",
    
    "主页url":"https://gasdde.dshejrfc.com/",
    
    "简介":"【小盒酷玩】提醒您：请勿相信影片中的广告，以免上当受骗！++<p>&&</p>",
    
    "导演":"【qq交流群：817925554】+导演：&&</p>",
    
    "数组":"stui-vodlist__thumb lazyload\"&&</a>",
    
    "副标题":"pic-text text-right\">&&</span>",
    
    "图片":"data-original=\"&&\"",
    
    "搜索url":"/search/{wd}/{pg}.html",
    
    "线路数组":"<h3 class=\"title\">&&</h3>",
    
    "线路标题":"LiteApple",
    
    "分类url":"https://gasdde.dshejrfc.com/video/{cateId}?order={by}&year={year}&vlang=&area=&page={catePg};;ak",
    
    "分类":"电影$dianying#电视剧$lianxuju#综艺$zongyi#动漫$dongman"}
