{
    
    "站名":"干饭影视",
    
    "主页url":"https://gfysys.cc/",
    
    "简介":"【小盒酷玩】提醒您：请勿相信影片中的广告，以免上当受骗！【qq交流群：817925554】+<p class=\"col-pd\"&&干饭影视不参与",
    
    "影片类型":"类型：&&</span>",
    
    "数组":"ewave-vodlist__thumb lazyload\"&&</div>",
    
    "线路数组":"data-toggle=&&</li>",
    
    "线路标题":"小盒酷玩🥣+>&&</a>[替换:（失效快）>>空#高清>>空#资源>>空#（>>共#）>>集]",
    
    "分类url":"https://gfysys.cc/vodshow/{cateId}-{area}--{class}-----{catePg}---{year}.html;;akm0",
    
    "分类":"电影$1#电视剧$2#综艺$3#动漫$4"}
