{
				"站名": "来米影视",
				"嗅探词": ".mp4?#&dis_t#vkey=#.m3u8",
				"过滤词": "data.m3u8.in",
				"主页url": "https://www.mervod.com/",
				"副标题": "class=\"module-item-text\">&&</div",
				"导演": "导演：&&</div",
				"主演": "主演：&&</div",
				"简介": "小盒酷玩提醒您：请勿相信影片中的广告，以免上当受骗。+<p>&&</p>",
				"搜索url": "https://www.mervod.com/vodsearch/-------------.html?wd={wd}",
				"搜索模式": "1",
				"搜索标题": "title=\"&&\"",
				"搜索链接": "href=\"&&\"",
				"请求头": "User-Agent$Mozilla/5.0 (iPhone; CPU iPhone OS 15_2 like Mac OS X) AppleWebKit/605.1.15 (KHTML, like Gecko) Version/14.0 Mobile/15E148 Safari/604.1#Referer$https://www.mervod.com/",
				"搜索链接前缀": "https://www.mervod.com//",
				"分类": "电影$1#电视剧$2#动漫$3#综艺$4",
				"分类url": "https://www.mervod.com//vodshow/{cateId}-{area}-------{catePg}---{year}.html;;u0"
			}
