 {
    
    "站名":"柒月影视",
    
    "主页url":"http://www.9day.cc/",
    
    "简介":"【小盒酷玩】提醒您：请勿相信影片中的广告，以免上当受骗！+剧情：&&aaa",
    
    "导演":"【qq交流群：817925554】+导演：&&</a>",
    
    "主演":"主演：&&</a>",
    
    "影片状态":"集数：&&</div>",
    
    "影片类型":"video-tag-icon\">&&立即播放",
    
    "数组":"<a&&</div></div></a>",
    
    "副标题":"module-item-note\">&&</div>",
    
    "搜索url":"/index.php/vod/search.html?wd={wd}",
    
    "搜索数组":"module-card-item-class\">&&</a>",
    
    "搜索标题":"alt=\"&&\"",
    
    "搜索副标题":"module-item-note\">&&</div>",
    
    "线路标题":"小盒酷玩💅-+<span>&&</small>[替换:本地>>专线#（快）>>(推荐)#</span><small>>>共]+集",
    
    "线路数组":"data-dropdown-value=&&</div>",
    
    "分类url":"http://www.9day.cc/index.php/vod/show/area/{area}/by/{by}/class/{class}/id/{cateId}/page/{catePg}/year/{year}.html;;ak",
    
    "分类":"电影$1#电视剧$2#综艺$3#动漫$4"}
