{
    "规则名": "短剧网",
    "请求头参数": "User-Agent$MOBILE_UA#Referer$WebView",
    "网页编码格式": "UTF-8",
    "图片是否需要代理": "0",
    "是否开启获取首页数据": "1",
    "首页推荐链接": "https://www.duanju5.com",
    "首页列表数组规则": "body&&.module-items",
    "首页片单列表数组规则": ".module-item",
    "首页片单是否Jsoup写法": "1",
    "分类起始页码": "1",
    "分类链接": "https://www.duanju5.com/vodtype/{cateId}-{catePg}.html",
    "分类名称": "逆袭&甜宠&虐恋&穿越&重生",
    "分类名称替换词": "nixi&tianchong&nuelian&chuanyue&chuanyue&chongsheng",
    "分类截取模式": "1",
    "分类列表数组规则": "body&&.module-item",
    "分类片单是否Jsoup写法": "1",
    "分类片单标题": "a&&title",
    "分类片单链接": "a&&href",
    "分类片单图片": ".lazyloaded||.lazyload&&data-src||data-original",
    "分类片单副标题": ".module-item-note||.module-item-text&&Text",
    "分类片单链接加前缀": "https://www.duanju5.com",
    "分类片单链接加后缀": "",
    "搜索请求头参数": "User-Agent$MOBILE_UA",
    "搜索链接": "https://www.duanju5.com/vodsearch/{wd}----------{SearchPg}---.html",
    "POST请求数据": "",
    "搜索截取模式": "1",
    "搜索列表数组规则": "body&&.module-search-item",
    "搜索片单是否Jsoup写法": "1",
    "搜索片单图片": ".lazyload&&data-src",
    "搜索片单标题": "h3&&Text",
    "搜索片单链接": "a&&href",
    "搜索片单副标题": ".video-serial&&Text",
    "搜索片单链接加前缀": "https://www.duanju5.com",
    "搜索片单链接加后缀": "",
    "链接是否直接播放": "0",
    "直接播放链接加前缀": "",
    "直接播放链接加后缀": "#isVideo=true#",
    "直接播放直链视频请求头": "",
    "详情是否Jsoup写法": "0",
    "类型详情": "",
    "年代详情": "",
    "地区详情": "",
    "演员详情": "主演：</span>&&</div>",
    "简介详情": "【小盒酷玩】提醒您：请勿相信影片中的广告，以免上当受骗！【qq交流群：817925554】+introduction\">&&</p>",
    "线路列表数组规则": ".module-player-tab&&.module-tab-item",
    "线路标题": "小盒酷玩📺+Text",
    "播放列表数组规则": "body&&.module-player-list:has(.scroll-content)",
    "选集列表数组规则": ".scroll-content&&a",
    "选集标题链接是否Jsoup写法": "1",
    "选集标题": "a&&Text",
    "选集链接": "a&&href",
    "是否反转选集序列": "0",
    "选集链接加前缀": "https://www.duanju5.com",
    "选集链接加后缀": "",
    "分析MacPlayer": "0",
    "是否开启手动嗅探": "1",
    "手动嗅探视频链接关键词": ".mp4#.m3u8#.flv#video/tos",
    "手动嗅探视频链接过滤词": ".html#?url=http"
}
