
{
        "影片类型": "<div class=\"module-blocklist\">&&</div>",
        "导演": "导演：&&</div>",
        "主演": "主演：&&</div>",
        "简介": "小盒酷玩提醒您：请勿相信影片中的广告，以免上当受骗！+video-info-item video-info-content vod_content\">&&</span>",
        "标题": "title=\"&&\"",
        "链接": "href=\"&&\"",
        "搜索图片": "http://shop.kdzj.vip/1.jpg",
        "线路数组": "module-tab-item tab-item&&</div>",
        "线路标题": "小盒酷玩-+<span>&&</small>[替换:</span><small>>>共]+集",
        "请求头": "User-Agent$Mozilla/5.0 (Macintosh; Intel Mac OS X 10_7_0) AppleWebKit/535.11 (KHTML, like Gecko) Chrome/17.0.963.56 Safari/535.11",
        "分类": "动漫$4#国产剧$13#电视剧$2#电影$1#综艺$3",
        "分类url": "https://www.nkvod.com/show/{cateId}--{by}}------{catePg}---{year}.html;;m"
      }
