{
   "作者":"小盒酷玩",
"站名": "萌猫影视",
				"主页url": "https://www.mervod.com",
				"副标题": "class=\"module-item-text\">&&</div",
				"导演": "导演：&&</div",
				"主演": "主演：&&</div",
				"简介": "小盒酷玩提醒您：请勿相信影片中的广告，以免上当受骗！+<p>&&</p>",
				"嗅探词": ".mp4?#&dis_t#vkey=#.m3u8",
				"过滤词":"data.m3u8.in",
				"线路数组": "data-toggle=\"tab&&</li>",
				"线路标题": "小盒酷玩-+>&&</a>",
				"播放数组": "stui-content__playlist clearfix column8&&/ul>",
				"播放列表": "<a&&</li>",
				"播放标题": "title=\"&&\"",
				"搜索url": "/rss.xml?wd={wd}",
				"搜索模式": "1",
				"搜索数组": "<item>&&</item>",
				"搜索链接": "<link>&&</link>",
				"搜索标题": "<title>&&</title>",
				"搜索副标题": "<author>&&</author>",
				"搜索图片": "http://jk.xhkw.fun/农民/图片/1.jpg",
				"请求头": "User-Agent$Mozilla/5.0 (iPhone; CPU iPhone OS 15_2 like Mac OS X) AppleWebKit/605.1.15 (KHTML, like Gecko) Version/14.0 Mobile/15E148 Safari/604.1",
				"搜索链接前缀": "https://www.mervod.com",
				"分类": "电影$1#电视剧$2#动漫$3#综艺$4",
				"分类url": "https://www.mervod.com/vodshow/{cateId}-{area}-------{catePg}---{year}.html;;u0m"
      }
      
