 {
    
    "站名":"蛋蛋影视",
    
    "主页url":"https://www.dandanju.cc/",
    
    "简介":"【小盒酷玩】提醒您：请勿相信影片中的广告，以免上当受骗！+<p class=\"col-pd\">&&蛋蛋剧不参与",
    
    "导演":"【qq交流群：817925554】+导演：&&</p>",
    
    "主演":"主演：&&</p>",
    
    "影片状态":"更新：&&</p>",
    
    "影片类型":"类型：&&<span class=\"split-line\">",
    
    "影片地区":"地区：&&<span class=\"split-line\">",
    
    "影片年代":"年份：&&</p>",
    
    "数组":"ewave-vodlist__thumb lazyload\"&&</a>",
    
    "标题":"title=\"&&\"",
    
    "图片":"data-original=\"&&\"",
    
    "链接":"href=\"&&\"",
    
    "线路数组":"#playlist&&</li>",
    
    "线路标题":"小盒酷玩🥚+>&&</a>[替换:（>>共#）>>集]",
    
    "分类url":"https://www.dandanju.cc/show/{cateId}-{area}--{class}-----{catePg}---{year}.html;;ak",
    
    "分类":"电影$1#电视剧$2#综艺$3#动漫$4"}
