{
    "作者": "小盒酷玩",
    "站名": "酷玩速播",
    "首页": "电影",
    "请求头": "User-Agent$okhttp/3.10.0",
    "分类": "电影&电视剧&综艺&动漫",
    "分类值": "1&2&4&3",
    "分类url": "http://wushutvcms.byzz.top/api.php/app/video?tid={cateId}&class=&area=&lang=&year=&limit=18&pg={catePg}}",
    "数组二次截取": "list\":[&&]",
    "数组": "{&&}",
    "图片": "vod_pic\"*\"&&\"",
    "标题": "vod_name\"*\"&&\"",
    "副标题": "vod_remarks\"*\"&&\"",
    "链接": "http://wushutvcms.byzz.top/api.php/app/video_detail?id=+vod_id\":&&,",
    "搜索url": "http://wushutvcms.byzz.top/api.php/app/search?text={wd}&pg=",
    "搜索模式": "1",
    "搜索二次截取": "list\":[&&]",
    "搜索数组": "{&&}",
    "搜索图片": "vod_pic\"*\"&&\"",
    "搜索标题": "vod_name\"*\"&&\"",
    "搜索副标题": "vod_remarks\"*\"&&\"",
    "搜索链接": "http://wushutvcms.byzz.top/api.php/app/video_detail?id=+vod_id\":&&",
    "影片类型": "vod_class\"*\"&&\"",
    "导演": "小盒酷玩-+vod_director\"*\"&&\"",
    "主演": "小盒酷玩+vod_actor\"*\"&&\"",
    "简介": "小盒酷玩提醒您：请勿相信影片中的广告，以免上当受骗！+vod_content\"*\"&&\"",
    "线路二次截取": "\"list\":[&&]",
    "线路数组": "小盒酷玩",
    "线路标题": "小盒酷玩",
    "播放请求头": "User-Agent$okhttp/3.10.0",
    "播放数组": "vod_play_url\":&&,[替换:\">>链表题#$>>题链#\\#>>链表表题]",
    "播放二次截取": "",
    "播放列表": "表&&表",
    "播放标题": "题&&题",
    "播放链接": "https://player.emofun.cn/player/ec.php?code=xy&if=1&url=+链&&链",
    //"跳转播放链接": "\"url\"*\"&&\"",
    "倒序播放": "0",
    "免嗅": "0",
    "嗅探词": ".m3u8#?fid=#mp4#.mp4#data.aliyundrive.net#tos-#huoshanvod.com#/video/",
    "过滤词": ""
}
