{
  "name": "神马smdyy",
  "tihuan": "cnzz.com",
  "url": "https://www.smdyy.cc",  //主用地址02：www.6080x.cc
  "shouye": "1",
  "fenlei": "电影$/show/1--------#电视剧$/show/2--------#综艺$/show/3--------#动漫$/show/4--------#国产剧$/show/13--------#欧美剧$/show/16--------#国漫$/show/4-内地-------#日漫$/show/4-日本-------#少儿片库$/show/33--------",
  //"fenlei": "电视剧$/show/2--------#电影$/show/1--------#综艺$/show/3--------#动漫$/show/4--------#少儿片库$/show/33--------#动作片$/show/6--------#喜剧片$/show/7--------#爱情片$/show/8--------#科幻片$/show/9--------#记录片$/show/26--------#恐怖片$/show/10--------#剧情片$/show/11--------#战争片$/show/12--------#惊悚片$/show/21--------#国产剧$/show/13--------#港台剧$/show/14--------#日韩剧$/show/15--------#欧美剧$/show/16--------#泰国剧$/show/28--------",
  "houzhui": "---.html",
  "shifouercijiequ": "0",
  "jiequqian": "空",
  "jiequhou": "空",
  "jiequshuzuqian": "class=\"stui-vodlist__box\"",
  "jiequshuzuhou": "</span>",
  "tupianqian": "data-original=\"",
  "tupianhou": "\"",
  "biaotiqian": "title=\"",
  "biaotihou": "\"",
  "lianjieqian": "href=\"",
  "lianjiehou": "\"",
  "sousuoqian": "/index.php/ajax/suggest?mid=1&wd=",
  "sousuohou": "&limit=500",
  "sousuohouzhui": "/kan/",
  "ssmoshi": "0",
  "sousuoshifouercijiequ": "0",
  "jspic": "pic",
  "jsname": "name",
  "jsid": "id",
  "ssjiequqian": "空",
  "ssjiequhou": "空",
  "ssjiequshuzuqian": "空",
  "ssjiequshuzuhou": "空",
  "sstupianqian": "空",
  "sstupianhou": "空",
  "ssbiaotiqian": "空",
  "ssbiaotihou": "空",
  "sslianjieqian": "空",
  "sslianjiehou": "空",
  "bfshifouercijiequ": "0",
  "bfjiequqian": "空",
  "bfjiequhou": "空",
  "bfjiequshuzuqian": "class=\"stui-content__playlist clearfix",
  "bfjiequshuzuhou": "</li>",
  "zhuangtaiqian": "更新：</span>",
  "zhuangtaihou": "</p>",
  "daoyanqian": "导演：</span>",
  "daoyanhou": "</p>",
  "zhuyanqian": "主演：</span>",
  "zhuyanhou": "</p>",
  "juqingqian": "简介：</span>",
  "juqinghou": "</div>",
  "bfyshifouercijiequ": "0",
  "bfyjiequqian": "空",
  "bfyjiequhou": "空",
  "bfyjiequshuzuqian": "<a",
  "bfyjiequshuzuhou": "/a>",
  "bfbiaotiqian": ">",
  "bfbiaotihou": "<",
  "bflianjieqian": "href=\"",
  "bflianjiehou": "\""
}
